firstName,lastName,login,email
Novak,Djokovic,novak.djokovic@tennis.net,novak.djokovic@tennis.net
Daniil,Medvedev,daniil.medvedev@tennis.net,daniil.medvedev@tennis.net
Rafael,Nadal,rafael.nadal@tennis.net,rafael.nadal@tennis.net
Stefanos,Tsitsipas,stefanos.tsitsipas@tennis.net,stefanos.tsitsipas@tennis.net
Alexander,Zverev,alexander.zverev@tennis.net,alexander.zverev@tennis.net
Dominic,Thiem,dominic.thiem@tennis.net,dominic.thiem@tennis.net
Andrey,Rublev,andrey.rublev@tennis.net,andrey.rublev@tennis.net
Roger,Federer,roger.federer@tennis.net,roger.federer@tennis.net
Matteo,Berrettini,matteo.berrettini@tennis.net,matteo.berrettini@tennis.net
Diego,Schwartzman,diego.schwartzman@tennis.net,diego.schwartzman@tennis.net
Pablo,Carreno Busta,pablo.carrenobusta@tennis.net,pablo.carrenobusta@tennis.net
Gael,Monfils,gael.monfils@tennis.net,gael.monfils@tennis.net
Denis,Shapovalov,denis.shapovalov@tennis.net,denis.shapovalov@tennis.net
Roberto,Bautista Agut,roberto.bautistaagut@tennis.net,roberto.bautistaagut@tennis.net
David,Goffin,david.goffin@tennis.net,david.goffin@tennis.net
Fabio,Fognini,fabio.fognini@tennis.net,fabio.fognini@tennis.net
Grigor,Dimitrov,grigor.dimitrov@tennis.net,grigor.dimitrov@tennis.net
Felix,Auger-Aliassime,felix.augeraliassime@tennis.net,felix.augeraliassime@tennis.net
Caspar,Ruud,caspar.ruud@tennis.net,caspar.ruud@tennis.net
Stan,Wawrinka,stan.wawrinka@tennis.net,stan.wawrinka@tennis.net
Jiri,Vesely,jiri.vesely@tennis.net,jiri.vesely@tennis.net
Marton,Fucsovics,marton.fucsovics@tennis.net,marton.fucsovics@tennis.net
Cameron,Norrie,cameron.norrie@tennis.net,cameron.norrie@tennis.net
Yasutaka,Uchiyama,yasutaka.uchiyama@tennis.net,yasutaka.uchiyama@tennis.net
Federico,Delbonis,federico.delbonis@tennis.net,federico.delbonis@tennis.net
Radu,Albot,radu.albot@tennis.net,radu.albot@tennis.net
Jordan,Thompson,jordan.thompson@tennis.net,jordan.thompson@tennis.net
Marcos,Giron,marcos.giron@tennis.net,marcos.giron@tennis.net
Yoshihito,Nishioka,yoshihito.nishioka@tennis.net,yoshihito.nishioka@tennis.net
Joao,Sousa,joao.sousa@tennis.net,joao.sousa@tennis.net
Filip,Krajinovic,filip.krajinovic@tennis.net,filip.krajinovic@tennis.net
Lloyd,Harris,lloyd.harris@tennis.net,lloyd.harris@tennis.net
Federico,Coria,federico.coria@tennis.net,federico.coria@tennis.net
Soonwoo,Kwon,soonwoo.kwon@tennis.net,soonwoo.kwon@tennis.net
Emil,Ruusuvuori,emil.ruusuvuori@tennis.net,emil.ruusuvuori@tennis.net
Salvatore,Caruso,salvatore.caruso@tennis.net,salvatore.caruso@tennis.net
Pedro,Martinez,pedro.martinez@tennis.net,pedro.martinez@tennis.net
Marco,Cecchinato,marco.cecchinato@tennis.net,marco.cecchinato@tennis.net
Sebastian,Korda,sebastian.korda@tennis.net,sebastian.korda@tennis.net
Miomir,Kecmanovic,miomir.kecmanovic@tennis.net,miomir.kecmanovic@tennis.net
Lorenzo,Sonego,lorenzo.sonego@tennis.net,lorenzo.sonego@tennis.net
Federico,Coria,federico.coria@tennis.net,federico.coria@tennis.net
Aljaz,Bedene,aljaz.bedene@tennis.net,aljaz.bedene@tennis.net
John,Millman,john.millman@tennis.net,john.millman@tennis.net
Pablo,Andujar,pablo.andujar@tennis.net,pablo.andujar@tennis.net
Cameron,Norrie,cameron.norrie@tennis.net,cameron.norrie@tennis.net
Albert,Ramos-Vinolas,albert.ramosvinolas@tennis.net,albert.ramosvinolas@tennis.net
Egor,Gerasimov,egor.gerasimov@tennis.net,egor.gerasimov@tennis.net
Laslo,Djere,laslo.djere@tennis.net,laslo.djere@tennis.net
Jaume,Munar,jaume.munar@tennis.net,jaume.munar@tennis.net
Federico,Delbonis,federico.delbonis@tennis.net,federico.delbonis@tennis.net
Mikhail,Kukushkin,mikhail.kukushkin@tennis.net,mikhail.kukushkin@tennis.net
Jimi,Hendrix,jimi.hendrix@guitar.net,jimi.hendrix@guitar.net
Eric,Clapton,eric.clapton@guitar.net,eric.clapton@guitar.net
Jimmy,Page,jimmy.page@guitar.net,jimmy.page@guitar.net
Eddie,Van Halen,eddie.vanhalen@guitar.net,eddie.vanhalen@guitar.net
Stevie,Ray Vaughan,stevie.vaughan@guitar.net,stevie.vaughan@guitar.net
Carlos,Santana,carlos.santana@guitar.net,carlos.santana@guitar.net
David,Gilmour,david.gilmour@guitar.net,david.gilmour@guitar.net
Slash,slash@guitar.net,slash@guitar.net
Keith,Richards,keith.richards@guitar.net,keith.richards@guitar.net
B.B.,King,bb.king@guitar.net,bb.king@guitar.net
Angus,Young,angus.young@guitar.net,angus.young@guitar.net
Eddie,Clapton,eddie.clapton@guitar.net,eddie.clapton@guitar.net
Joni,Mitchell,joni.mitchell@guitar.net,joni.mitchell@guitar.net
Steve,Vai,steve.vai@guitar.net,steve.vai@guitar.net
Mark,Knopfler,mark.knopfler@guitar.net,mark.knopfler@guitar.net
Brian,May,brian.may@guitar.net,brian.may@guitar.net
George,Harrison,george.harrison@guitar.net,george.harrison@guitar.net
Joe,Satriani,joe.satriani@guitar.net,joe.satriani@guitar.net
Eddie,Hazel,eddie.hazel@guitar.net,eddie.hazel@guitar.net
Duane,Allman,duane.allman@guitar.net,duane.allman@guitar.net
Jeff,Beck,jeff.beck@guitar.net,jeff.beck@guitar.net
Ritchie,Blackmore,ritchie.blackmore@guitar.net,ritchie.blackmore@guitar.net
Kurt,Cobain,kurt.cobain@guitar.net,kurt.cobain@guitar.net
John,Frusciante,john.frusciante@guitar.net,john.frusciante@guitar.net
Keith,Urban,keith.urban@guitar.net,keith.urban@guitar.net
Pete,Townshend,pete.townshend@guitar.net,pete.townshend@guitar.net
Neil,Young,neil.young@guitar.net,neil.young@guitar.net
Nile,Rodgers,nile.rodgers@guitar.net,nile.rodgers@guitar.net
Chet,Atkins,chet.atkins@guitar.net,chet.atkins@guitar.net
Jeff,Lynne,jeff.lynne@guitar.net,jeff.lynne@guitar.net
Johnny,Marr,johnny.marr@guitar.net,johnny.marr@guitar.net
Alex,Lifeson,alex.lifeson@guitar.net,alex.lifeson@guitar.net
Buddy,Guy,buddy.guy@guitar.net,buddy.guy@guitar.net
Kirk,Hammett,kirk.hammett@guitar.net,kirk.hammett@guitar.net
Tom,Hanks,tom.hanks@cinema.net,tom.hanks@cinema.net
Leonardo,DiCaprio,leonardo.dicaprio@cinema.net,leonardo.dicaprio@cinema.net
Meryl,Streep,meryl.streep@cinema.net,meryl.streep@cinema.net
Brad,Pitt,brad.pitt@cinema.net,brad.pitt@cinema.net
Denzel,Washington,denzel.washington@cinema.net,denzel.washington@cinema.net
Julia,Roberts,julia.roberts@cinema.net,julia.roberts@cinema.net
Johnny,Depp,johnny.depp@cinema.net,johnny.depp@cinema.net
Robert,De Niro,robert.deniro@cinema.net,robert.deniro@cinema.net
Morgan,Freeman,morgan.freeman@cinema.net,morgan.freeman@cinema.net
Jennifer,Lawrence,jennifer.lawrence@cinema.net,jennifer.lawrence@cinema.net
Tom,Cruise,tom.cruise@cinema.net,tom.cruise@cinema.net
Scarlett,Johansson,scarlett.johansson@cinema.net,scarlett.johansson@cinema.net
Will,Smith,will.smith@cinema.net,will.smith@cinema.net
Natalie,Portman,natalie.portman@cinema.net,natalie.portman@cinema.net
Al,Pacino,al.pacino@cinema.net,al.pacino@cinema.net
Emma,Stone,emma.stone@cinema.net,emma.stone@cinema.net
Robert,Downey Jr.,robert.downeyjr@cinema.net,robert.downeyjr@cinema.net
Charlize,Theron,charlize.theron@cinema.net,charlize.theron@cinema.net
Dwayne,Johnson,dwayne.johnson@cinema.net,dwayne.johnson@cinema.net
Anne,Hathaway,anne.hathaway@cinema.net,anne.hathaway@cinema.net
Hugh,Jackman,hugh.jackman@cinema.net,hugh.jackman@cinema.net
Kate,Winslet,kate.winslet@cinema.net,kate.winslet@cinema.net
George,Clooney,george.clooney@cinema.net,george.clooney@cinema.net
Angelina,Jolie,angelina.jolie@cinema.net,angelina.jolie@cinema.net
Matt,Damon,matt.damon@cinema.net,matt.damon@cinema.net
Cate,Blanchett,cate.blanchett@cinema.net,cate.blanchett@cinema.net
Joaquin,Phoenix,joaquin.phoenix@cinema.net,joaquin.phoenix@cinema.net
Harrison,Ford,harrison.ford@cinema.net,harrison.ford@cinema.net
Mila,Kunis,mila.kunis@cinema.net,mila.kunis@cinema.net
Nicole,Kidman,nicole.kidman@cinema.net,nicole.kidman@cinema.net
Ryan,Gosling,ryan.gosling@cinema.net,ryan.gosling@cinema.net
Lionel,Messi,lionel.messi@football.net,lionel.messi@football.net
Cristiano,Ronaldo,cristiano.ronaldo@football.net,cristiano.ronaldo@football.net
Neymar,neymar@football.net,neymar@football.net
Kylian,Mbappé,kylian.mbappe@football.net,kylian.mbappe@football.net
Robert,Lewandowski,robert.lewandowski@football.net,robert.lewandowski@football.net
Kevin,De Bruyne,kevin.debruyne@football.net,kevin.debruyne@football.net
Mohamed,Salah,mohamed.salah@football.net,mohamed.salah@football.net
Virgil,van Dijk,virgil.vandijk@football.net,virgil.vandijk@football.net
Sergio,Ramos,sergio.ramos@football.net,sergio.ramos@football.net
Luka,Modric,luka.modric@football.net,luka.modric@football.net
Paul,Pogba,paul.pogba@football.net,paul.pogba@football.net
Antoine,Griezmann,antoine.griezmann@football.net,antoine.griezmann@football.net
Harry,Kane,harry.kane@football.net,harry.kane@football.net
Eden,Hazard,eden.hazard@football.net,eden.hazard@football.net
Raheem,Sterling,raheem.sterling@football.net,raheem.sterling@football.net
Sadio,Mané,sadio.mane@football.net,sadio.mane@football.net
Manuel,Neuer,manuel.neuer@football.net,manuel.neuer@football.net
Gareth,Bale,gareth.bale@football.net,gareth.bale@football.net
Karim,Benzema,karim.benzema@football.net,karim.benzema@football.net
Romelu,Lukaku,romelu.lukaku@football.net,romelu.lukaku@football.net
Jeff,Bezos,jeff.bezos@business.net,jeff.bezos@business.net
Elon,Musk,elon.musk@business.net,elon.musk@business.net
Warren,Buffett,warren.buffett@business.net,warren.buffett@business.net
Bill,Gates,bill.gates@business.net,bill.gates@business.net
Mark,Zuckerberg,mark.zuckerberg@business.net,mark.zuckerberg@business.net
Larry,Page,larry.page@business.net,larry.page@business.net
Sergey,Brin,sergey.brin@business.net,sergey.brin@business.net
Oprah,Winfrey,oprah.winfrey@business.net,oprah.winfrey@business.net
Richard,Branson,richard.branson@business.net,richard.branson@business.net
Jack,Ma,jack.ma@business.net,jack.ma@business.net
Indra,Nooyi,indra.nooyi@business.net,indra.nooyi@business.net
Tim,Cook,tim.cook@business.net,tim.cook@business.net
Sheryl,Sandberg,sheryl.sandberg@business.net,sheryl.sandberg@business.net
Carlos,Slim,carlos.slim@business.net,carlos.slim@business.net
Mary,Barra,mary.barra@business.net,mary.barra@business.net
Elon,Musk,elon.musk@business.net,elon.musk@business.net
Richard,Branson,richard.branson@business.net,richard.branson@business.net
Michael,Bloomberg,michael.bloomberg@business.net,michael.bloomberg@business.net
Jeffery,Immelt,jeffery.immelt@business.net,jeffery.immelt@business.net
Satya,Nadella,satya.nadella@business.net,satya.nadella@business.net
Marissa,Mayer,marissa.mayer@business.net,marissa.mayer@business.net
Reed,Hastings,reed.hastings@business.net,reed.hastings@business.net
Meg,Whitman,meg.whitman@business.net,meg.whitman@business.net
Steve,Ballmer,steve.ballmer@business.net,steve.ballmer@business.net
Larry,Ellison,larry.ellison@business.net,larry.ellison@business.net
Richard,Branson,richard.branson@business.net,richard.branson@business.net
Ginni,Rometty,ginni.rometty@business.net,ginni.rometty@business.net
Lakshmi,Mittal,lakshmi.mittal@business.net,lakshmi.mittal@business.net
Susan,Wojcicki,susan.wojcicki@business.net,susan.wojcicki@business.net
Michael,Dell,michael.dell@business.net,michael.dell@business.net
Larry,Fink,larry.fink@business.net,larry.fink@business.net
Howard,Schultz,howard.schultz@business.net,howard.schultz@business.net
Anne,Mulderry,anne.mulderry@business.net,anne.mulderry@business.net
Jensen,Huang,jensen.huang@business.net,jensen.huang@business.net
Barack,Obama,barack.obama@presidents.net,barack.obama@presidents.net
Donald,Trump,donald.trump@presidents.net,donald.trump@presidents.net
Joe,Biden,joe.biden@presidents.net,joe.biden@presidents.net
Angela,Merkel,angela.merkel@presidents.net,angela.merkel@presidents.net
Emmanuel,Macron,emmanuel.macron@presidents.net,emmanuel.macron@presidents.net
Xi,Jinping,xi.jinping@presidents.net,xi.jinping@presidents.net
Justin,Trudeau,justin.trudeau@presidents.net,justin.trudeau@presidents.net
Narendra,Modi,narendra.modi@presidents.net,narendra.modi@presidents.net
Jair,Bolsonaro,jair.bolsonaro@presidents.net,jair.bolsonaro@presidents.net
Jacinda,Ardern,jacinda.ardern@presidents.net,jacinda.ardern@presidents.net
Andrés,Manuel López Obrador,andres.manuel@presidents.net,andres.manuel@presidents.net
Moon,Jae-in,moon.jaein@presidents.net,moon.jaein@presidents.net
Alexander,Lukashenko,alexander.lukashenko@presidents.net,alexander.lukashenko@presidents.net
Jacques,Chirac,jacques.chirac@presidents.net,jacques.chirac@presidents.net
Nelson,Mandela,nelson.mandela@presidents.net,nelson.mandela@presidents.net
Dilma,Rousseff,dilma.rousseff@presidents.net,dilma.rousseff@presidents.net
Park,Geun-hye,park.geunhye@presidents.net,park.geunhye@presidents.net
Abraham,Lincoln,abraham.lincoln@presidents.net,abraham.lincoln@presidents.net
Franklin,Roosevelt,franklin.roosevelt@presidents.net,franklin.roosevelt@presidents.net
Nelson,Mandela,nelson.mandela@presidents.net,nelson.mandela@presidents.net
Benjamin,Netanyahu,benjamin.netanyahu@presidents.net,benjamin.netanyahu@presidents.net
Boris,Johnson,boris.johnson@presidents.net,boris.johnson@presidents.net
Joe,Clark,joe.clark@presidents.net,joe.clark@presidents.net
Joko,Widodo,joko.widodo@presidents.net,joko.widodo@presidents.net
Ellen,Johnson Sirleaf,ellen.johnson@presidents.net,ellen.johnson@presidents.net
Mikhail,Gorbachev,mikhail.gorbachev@presidents.net,mikhail.gorbachev@presidents.net
Felipe Calderón,felipe.calderon@presidents.net,felipe.calderon@presidents.net
Andrzej,Duda,andrzej.duda@presidents.net,andrzej.duda@presidents.net
Hans,Zimmer,hans.zimmer@composers.net,hans.zimmer@composers.net
John,Williams,john.williams@composers.net,john.williams@composers.net
Ennio,Morricone,ennio.morricone@composers.net,ennio.morricone@composers.net
Alan,Silvestri,alan.silvestri@composers.net,alan.silvestri@composers.net
Howard,Shore,howard.shore@composers.net,howard.shore@composers.net
Hans,Zimmer,hans.zimmer@composers.net,hans.zimmer@composers.net
James,Newton Howard,james.newton@composers.net,james.newton@composers.net
Danny,Elfman,danny.elfman@composers.net,danny.elfman@composers.net
Thomas,Newman,thomas.newman@composers.net,thomas.newman@composers.net
John,Barry,john.barry@composers.net,john.barry@composers.net
Alexandre,Desplat,alexandre.desplat@composers.net,alexandre.desplat@composers.net
Clint,Mansell,clint.mansell@composers.net,clint.mansell@composers.net
Michael,Giacchino,michael.giacchino@composers.net,michael.giacchino@composers.net
James,Horner,james.horner@composers.net,james.horner@composers.net
Jerry,Goldsmith,jerry.goldsmith@composers.net,jerry.goldsmith@composers.net
Rachel,Portman,rachel.portman@composers.net,rachel.portman@composers.net
Dario,Marianelli,dario.marianelli@composers.net,dario.marianelli@composers.net
Carter,Burwell,carter.burwell@composers.net,carter.burwell@composers.net
Ramin,Djawadi,ramin.djawadi@composers.net,ramin.djawadi@composers.net
Ludwig,Göransson,ludwig.goransson@composers.net,ludwig.goransson@composers.net
Victor,Hugo,victor.hugo@authors.net,victor.hugo@authors.net
Alexandre,Dumas,alexandre.dumas@authors.net,alexandre.dumas@authors.net
Gustave,Flaubert,gustave.flaubert@authors.net,gustave.flaubert@authors.net
Marcel,Proust,marcel.proust@authors.net,marcel.proust@authors.net
Jean-Paul,Sartre,jeanpaul.sartre@authors.net,jeanpaul.sartre@authors.net
Albert,Camus,albert.camus@authors.net,albert.camus@authors.net
Molière,moliere@authors.net,moliere@authors.net
Emile,Zola,emile.zola@authors.net,emile.zola@authors.net
Antoine de,Saint-Exupéry,antoine.saintexupery@authors.net,antoine.saintexupery@authors.net
Colette,colette@authors.net,colette@authors.net
Simone de,Beauvoir,simone.beauvoir@authors.net,simone.beauvoir@authors.net
Charles,Baudelaire,charles.baudelaire@authors.net,charles.baudelaire@authors.net
Jean de,La Fontaine,jeandela.fontaine@authors.net,jeandela.fontaine@authors.net
Honoré de,Balzac,honore.balzac@authors.net,honore.balzac@authors.net
Émile,Durkheim,emile.durkheim@authors.net,emile.durkheim@authors.net
André,Gide,andre.gide@authors.net,andre.gide@authors.net
Marguerite,Yourcenar,marguerite.yourcenar@authors.net,marguerite.yourcenar@authors.net
Jean,Jacques Rousseau,jeanjacques.rousseau@authors.net,jeanjacques.rousseau@authors.net
Jean-Paul,Marat,jeanpaul.marat@authors.net,jeanpaul.marat@authors.net
Gaston,Leroux,gaston.leroux@authors.net,gaston.leroux@authors.net
Romain,Gary,romain.gary@authors.net,romain.gary@authors.net
Émile,Zola,emile.zola@authors.net,emile.zola@authors.net
Gustave,Flaubert,gustave.flaubert@authors.net,gustave.flaubert@authors.net
Colette,colette@authors.net,colette@authors.net
Simone de,Beauvoir,simone.beauvoir@authors.net,simone.beauvoir@authors.net
Alexandre,Dumas,alexandre.dumas@authors.net,alexandre.dumas@authors.net
Jean-Paul,Sartre,jeanpaul.sartre@authors.net,jeanpaul.sartre@authors.net
Marcel,Proust,marcel.proust@authors.net,marcel.proust@authors.net
Jacob,Maple,jacob.maple@gogreen.net,jacob.maple@gogreen.net
Emma,Lilac,emma.lilac@gogreen.net,emma.lilac@gogreen.net
Olivia,Birch,olivia.birch@gogreen.net,olivia.birch@gogreen.net
Ava,Cherry,ava.cherry@gogreen.net,ava.cherry@gogreen.net
Isabella,Rose,isabella.rose@gogreen.net,isabella.rose@gogreen.net
Sophia,Pine,sophia.pine@gogreen.net,sophia.pine@gogreen.net
Mia,Ash,mia.ash@gogreen.net,mia.ash@gogreen.net
Charlotte,Hawthorn,charlotte.hawthorn@gogreen.net,charlotte.hawthorn@gogreen.net
Amelia,Spruce,amelia.spruce@gogreen.net,amelia.spruce@gogreen.net
Harper,Oak,harper.oak@gogreen.net,harper.oak@gogreen.net
Evelyn,Daisy,evelyn.daisy@gogreen.net,evelyn.daisy@gogreen.net
Abigail,Willow,abigail.willow@gogreen.net,abigail.willow@gogreen.net
Emily,Sunflower,emily.sunflower@gogreen.net,emily.sunflower@gogreen.net
Elizabeth,Tulip,elizabeth.tulip@gogreen.net,elizabeth.tulip@gogreen.net
Sofia,Poplar,sofia.poplar@gogreen.net,sofia.poplar@gogreen.net
Avery,Magnolia,avery.magnolia@gogreen.net,avery.magnolia@gogreen.net
Ella,Cedar,ella.cedar@gogreen.net,ella.cedar@gogreen.net
Scarlett,Hibiscus,scarlett.hibiscus@gogreen.net,scarlett.hibiscus@gogreen.net
Grace,Dogwood,grace.dogwood@gogreen.net,grace.dogwood@gogreen.net
Madison,Juniper,madison.juniper@gogreen.net,madison.juniper@gogreen.net
Liam,Dandelion,liam.dandelion@gogreen.net,liam.dandelion@gogreen.net
Noah,Cypress,noah.cypress@gogreen.net,noah.cypress@gogreen.net
William,Pansy,william.pansy@gogreen.net,william.pansy@gogreen.net
James,Lavender,james.lavender@gogreen.net,james.lavender@gogreen.net
Oliver,Chestnut,oliver.chestnut@gogreen.net,oliver.chestnut@gogreen.net
Benjamin,Hemlock,benjamin.hemlock@gogreen.net,benjamin.hemlock@gogreen.net
Elijah,Sycamore,elijah.sycamore@gogreen.net,elijah.sycamore@gogreen.net
Lucas,Teak,lucas.teak@gogreen.net,lucas.teak@gogreen.net
Mason,Sequoia,mason.sequoia@gogreen.net,mason.sequoia@gogreen.net
Logan,Bamboo,logan.bamboo@gogreen.net,logan.bamboo@gogreen.net
Alexander,Holly,alexander.holly@gogreen.net,alexander.holly@gogreen.net
Ethan,Mahogany,ethan.mahogany@gogreen.net,ethan.mahogany@gogreen.net
Isaac,Poppy,isaac.poppy@gogreen.net,isaac.poppy@gogreen.net
Julian,Aster,julian.aster@gogreen.net,julian.aster@gogreen.net
Levi,Larch,levi.larch@gogreen.net,levi.larch@gogreen.net
Theodore,Azalea,theodore.azalea@gogreen.net,theodore.azalea@gogreen.net
Ezra,Petunia,ezra.petunia@gogreen.net,ezra.petunia@gogreen.net
Eli,Aspen,eli.aspen@gogreen.net,eli.aspen@gogreen.net
Aaron,Balsam,aaron.balsam@gogreen.net,aaron.balsam@gogreen.net
Caleb,Elder,caleb.elder@gogreen.net,caleb.elder@gogreen.net
Jacob,Mars,jacob.mars@astronomy.net,jacob.mars@astronomy.net
Emma,Venus,emma.venus@astronomy.net,emma.venus@astronomy.net
Olivia,Mercury,olivia.mercury@astronomy.net,olivia.mercury@astronomy.net
Ava,Jupiter,ava.jupiter@astronomy.net,ava.jupiter@astronomy.net
Isabella,Saturn,isabella.saturn@astronomy.net,isabella.saturn@astronomy.net
Sophia,Uranus,sophia.uranus@astronomy.net,sophia.uranus@astronomy.net
Mia,Neptune,mia.neptune@astronomy.net,mia.neptune@astronomy.net
Charlotte,Pluto,charlotte.pluto@astronomy.net,charlotte.pluto@astronomy.net
Amelia,Andromeda,amelia.andromeda@astronomy.net,amelia.andromeda@astronomy.net
Harper,Cassiopeia,harper.cassiopeia@astronomy.net,harper.cassiopeia@astronomy.net
Evelyn,Orion,evelyn.orion@astronomy.net,evelyn.orion@astronomy.net
Abigail,Cygnus,abigail.cygnus@astronomy.net,abigail.cygnus@astronomy.net
Emily,Leo,emily.leo@astronomy.net,emily.leo@astronomy.net
Elizabeth,Gemini,elizabeth.gemini@astronomy.net,elizabeth.gemini@astronomy.net
Sofia,Pegasus,sofia.pegasus@astronomy.net,sofia.pegasus@astronomy.net
Avery,Phoenix,avery.phoenix@astronomy.net,avery.phoenix@astronomy.net
Ella,Ursa,ella.ursa@astronomy.net,ella.ursa@astronomy.net
Scarlett,Scorpius,scarlett.scorpius@astronomy.net,scarlett.scorpius@astronomy.net
Grace,Cetus,grace.cetus@astronomy.net,grace.cetus@astronomy.net
Madison,Perseus,madison.perseus@astronomy.net,madison.perseus@astronomy.net
Alexander,GrahamBell,alexander.grahambell@inventors.net,alexander.grahambell@inventors.net
Thomas,Edison,thomas.edison@inventors.net,thomas.edison@inventors.net
Nikola,Tesla,nikola.tesla@inventors.net,nikola.tesla@inventors.net
James,Watt,james.watt@inventors.net,james.watt@inventors.net
Michael,Faraday,michael.faraday@inventors.net,michael.faraday@inventors.net
Marie,Curie,marie.curie@inventors.net,marie.curie@inventors.net
Albert,Einstein,albert.einstein@inventors.net,albert.einstein@inventors.net
Isaac,Newton,isaac.newton@inventors.net,isaac.newton@inventors.net
Galileo,Galilei,galileo.galilei@inventors.net,galileo.galilei@inventors.net
Louis,Pasteur,louis.pasteur@inventors.net,louis.pasteur@inventors.net
Leonardo,DaVinci,leonardo.davinci@inventors.net,leonardo.davinci@inventors.net
Samuel,Morse,samuel.morse@inventors.net,samuel.morse@inventors.net
Benjamin,Franklin,benjamin.franklin@inventors.net,benjamin.franklin@inventors.net
Johannes,Gutenberg,johannes.gutenberg@inventors.net,johannes.gutenberg@inventors.net
Alexander,Fleming,alexander.fleming@inventors.net,alexander.fleming@inventors.net
Wright,Brothers,wright.brothers@inventors.net,wright.brothers@inventors.net
George,Westinghouse,george.westinghouse@inventors.net,george.westinghouse@inventors.net
Guglielmo,Marconi,guglielmo.marconi@inventors.net,guglielmo.marconi@inventors.net
Eli,Whitney,eli.whitney@inventors.net,eli.whitney@inventors.net
James,Dyson,james.dyson@inventors.net,james.dyson@inventors.net
Charles,Babbage,charles.babbage@inventors.net,charles.babbage@inventors.net
Alan,Turing,alan.turing@inventors.net,alan.turing@inventors.net
Grace,Hopper,grace.hopper@inventors.net,grace.hopper@inventors.net
Tim,BernersLee,tim.bernerslee@inventors.net,tim.bernerslee@inventors.net
Robert,Noyce,robert.noyce@inventors.net,robert.noyce@inventors.net
Jack,Kilby,jack.kilby@inventors.net,jack.kilby@inventors.net
Alfred,Nobel,alfred.nobel@inventors.net,alfred.nobel@inventors.net
Rudolf,Diesel,rudolf.diesel@inventors.net,rudolf.diesel@inventors.net
Nils,Bohlin,nils.bohlin@inventors.net,nils.bohlin@inventors.net
Alessandro,Volta,alessandro.volta@inventors.net,alessandro.volta@inventors.net
Richard,Gatling,richard.gatling@inventors.net,richard.gatling@inventors.net
George,Eastman,george.eastman@inventors.net,george.eastman@inventors.net
Elisha,Otis,elisha.otis@inventors.net,elisha.otis@inventors.net
Percy,Spencer,percy.spencer@inventors.net,percy.spencer@inventors.net
Wilhelm,Roentgen,wilhelm.roentgen@inventors.net,wilhelm.roentgen@inventors.net
Philipp,Reis,philipp.reis@inventors.net,philipp.reis@inventors.net
Garrett,Morgan,garrett.morgan@inventors.net,garrett.morgan@inventors.net
Carl,Fresenius,carl.fresenius@inventors.net,carl.fresenius@inventors.net
Frederick,McKinleyJones,frederick.mckinleyjones@inventors.net,frederick.mckinleyjones@inventors.net
Josephine,Cochrane,josephine.cochrane@inventors.net,josephine.cochrane@inventors.net
Christopher,Columbus,christopher.columbus@adventure.net,christopher.columbus@adventure.net
Marco,Polo,marco.polo@adventure.net,marco.polo@adventure.net
Vasco,daGama,vasco.dagama@adventure.net,vasco.dagama@adventure.net
Ferdinand,Magellan,ferdinand.magellan@adventure.net,ferdinand.magellan@adventure.net
Sir,FrancisDrake,sir.francisdrake@adventure.net,sir.francisdrake@adventure.net
Ernest,Shackleton,ernest.shackleton@adventure.net,ernest.shackleton@adventure.net
Roald,Amundsen,roald.amundsen@adventure.net,roald.amundsen@adventure.net
Lewis,andClark,lewis.andclark@adventure.net,lewis.andclark@adventure.net
David,Livingstone,david.livingstone@adventure.net,david.livingstone@adventure.net
Neil,Armstrong,neil.armstrong@adventure.net,neil.armstrong@adventure.net
Edmund,Hillary,edmund.hillary@adventure.net,edmund.hillary@adventure.net
Amerigo,Vespucci,amerigo.vespucci@adventure.net,amerigo.vespucci@adventure.net
Jacques,Cousteau,jacques.cousteau@adventure.net,jacques.cousteau@adventure.net
Sir,WalterRaleigh,sir.walterraleigh@adventure.net,sir.walterraleigh@adventure.net
Hernan,Cortes,hernan.cortes@adventure.net,hernan.cortes@adventure.net
Charles,Lindbergh,charles.lindbergh@adventure.net,charles.lindbergh@adventure.net
Zheng,He,zheng.he@adventure.net,zheng.he@adventure.net
Yuri,Gagarin,yuri.gagarin@adventure.net,yuri.gagarin@adventure.net
Sir,EdmundHillary,sir.edmundhillary@adventure.net,sir.edmundhillary@adventure.net
Amelia,Earhart,amelia.earhart@adventure.net,amelia.earhart@adventure.net
Robert,Peary,robert.peary@adventure.net,robert.peary@adventure.net
Matthew,Henson,matthew.henson@adventure.net,matthew.henson@adventure.net
Thor,Heyerdahl,thor.heyerdahl@adventure.net,thor.heyerdahl@adventure.net
Ibn,Battuta,ibn.battuta@adventure.net,ibn.battuta@adventure.net
Xuanzang,Xuanzang,xuanzang.xuanzang@adventure.net,xuanzang.xuanzang@adventure.net
Fridtjof,Nansen,fridtjof.nansen@adventure.net,fridtjof.nansen@adventure.net
Alexander,vonHumboldt,alexander.vonhumboldt@adventure.net,alexander.vonhumboldt@adventure.net
Sir,JohnFranklin,sir.johnfranklin@adventure.net,sir.johnfranklin@adventure.net
Charles,Darwin,charles.darwin@adventure.net,charles.darwin@adventure.net
Sally,Ride,sally.ride@adventure.net,sally.ride@adventure.net
Freya,Stark,freya.stark@adventure.net,freya.stark@adventure.net
Francis,Chichester,francis.chichester@adventure.net,francis.chichester@adventure.net
Ernest,Hemingway,ernest.hemingway@adventure.net,ernest.hemingway@adventure.net
Reinhold,Messner,reinhold.messner@adventure.net,reinhold.messner@adventure.net
Mary,Kingsley,mary.kingsley@adventure.net,mary.kingsley@adventure.net
Nanook,oftheNorth,nanook.ofthenorth@adventure.net,nanook.ofthenorth@adventure.net
Gertrude,Bell,gertrude.bell@adventure.net,gertrude.bell@adventure.net
Jeanne,Baret,jeanne.baret@adventure.net,jeanne.baret@adventure.net
Buzz,Aldrin,buzz.aldrin@adventure.net,buzz.aldrin@adventure.net
John,Cabot,john.cabot@adventure.net,john.cabot@adventure.net
Vincent,vanGogh,vincent.vangogh@painters.net,vincent.vangogh@painters.net
Pablo,Picasso,pablo.picasso@painters.net,pablo.picasso@painters.net
Leonardo,daVinci,leonardo.davinci@painters.net,leonardo.davinci@painters.net
Claude,Monet,claude.monet@painters.net,claude.monet@painters.net
Michelangelo,Buonarroti,michelangelo.buonarroti@painters.net,michelangelo.buonarroti@painters.net
Rembrandt,vanRijn,rembrandt.vanrijn@painters.net,rembrandt.vanrijn@painters.net
Salvador,Dali,salvador.dali@painters.net,salvador.dali@painters.net
Frida,Kahlo,frida.kahlo@painters.net,frida.kahlo@painters.net
Jackson,Pollock,jackson.pollock@painters.net,jackson.pollock@painters.net
Georgia,O'Keeffe,georgia.okeeffe@painters.net,georgia.okeeffe@painters.net
Andy,Warhol,andy.warhol@painters.net,andy.warhol@painters.net
Edvard,Munch,edvard.munch@painters.net,edvard.munch@painters.net
Gustav,Klimt,gustav.klimt@painters.net,gustav.klimt@painters.net
Rene,Magritte,rene.magritte@painters.net,rene.magritte@painters.net
Henri,Matisse,henri.matisse@painters.net,henri.matisse@painters.net
Paul,Cezanne,paul.cezanne@painters.net,paul.cezanne@painters.net
Marc,Chagall,marc.chagall@painters.net,marc.chagall@painters.net
Caravaggio,Caravaggio,caravaggio.caravaggio@painters.net,caravaggio.caravaggio@painters.net
Wassily,Kandinsky,wassily.kandinsky@painters.net,wassily.kandinsky@painters.net
JMW,Turner,jmw.turner@painters.net,jmw.turner@painters.net
firstName,lastName,login,email
Hieronymus,Bosch,hieronymus.bosch@painters.net,hieronymus.bosch@painters.net
Piet,Mondrian,piet.mondrian@painters.net,piet.mondrian@painters.net
Albrecht,Durer,albrecht.durer@painters.net,albrecht.durer@painters.net
Edgar,Degas,edgar.degas@painters.net,edgar.degas@painters.net
Paul,Gauguin,paul.gauguin@painters.net,paul.gauguin@painters.net
Francisco,Goya,francisco.goya@painters.net,francisco.goya@painters.net
Joan,Miro,joan.miro@painters.net,joan.miro@painters.net
Johannes,Vermeer,johannes.vermeer@painters.net,johannes.vermeer@painters.net
Raphael,Raphael,raphael.raphael@painters.net,raphael.raphael@painters.net
Mary,Cassatt,mary.cassatt@painters.net,mary.cassatt@painters.net
Eugene,Delacroix,eugene.delacroix@painters.net,eugene.delacroix@painters.net
Roy,Lichtenstein,roy.lichtenstein@painters.net,roy.lichtenstein@painters.net
Willem,deKooning,willem.dekooning@painters.net,willem.dekooning@painters.net
Titian,Titian,titian.titian@painters.net,titian.titian@painters.net
Paul,Klee,paul.klee@painters.net,paul.klee@painters.net
Peter,PaulRubens,peter.paulrubens@painters.net,peter.paulrubens@painters.net
Henri,Rousseau,henri.rousseau@painters.net,henri.rousseau@painters.net
John,SingerSargent,john.singersargent@painters.net,john.singersargent@painters.net
Amedeo,Modigliani,amedeo.modigliani@painters.net,amedeo.modigliani@painters.net
James,Whistler,james.whistler@painters.net,james.whistler@painters.net